,MW,GS,GC,Points,FormPts,Team_Arsenal,Team_Aston Villa,Team_Brighton,Team_Burnley,Team_Chelsea,Team_Crystal Palace,Team_Everton,Team_Leeds,Team_Leicester,Team_Liverpool,Team_Man City,Team_Man United,Team_Newcastle,Team_Norwich,Team_Southampton,Team_Tottenham,Team_Watford,Team_West Ham,Team_Wolves
0,2.0,0,2,0.0,0,1,0,0,0,0,0,0,0,0,0,0,0,0,0,0,0,0,0,0
1,4.0,0,9,0.0,0,1,0,0,0,0,0,0,0,0,0,0,0,0,0,0,0,0,0,0
2,6.0,2,9,1.2,6,1,0,0,0,0,0,0,0,0,0,0,0,0,0,0,0,0,0,0
3,8.0,10,20,2.857142857142857,21,1,0,0,0,0,0,0,0,0,0,0,0,0,0,0,0,0,0,0
4,11.0,12,13,1.7,11,1,0,0,0,0,0,0,0,0,0,0,0,0,0,0,0,0,0,0
5,13.0,13,17,1.6666666666666667,10,1,0,0,0,0,0,0,0,0,0,0,0,0,0,0,0,0,0,0
6,16.0,18,22,1.5333333333333334,6,1,0,0,0,0,0,0,0,0,0,0,0,0,0,0,0,0,0,0
7,17.0,21,22,1.625,6,1,0,0,0,0,0,0,0,0,0,0,0,0,0,0,0,0,0,0
8,21.0,33,25,1.75,9,1,0,0,0,0,0,0,0,0,0,0,0,0,0,0,0,0,0,0
9,23.0,34,25,1.7727272727272727,10,1,0,0,0,0,0,0,0,0,0,0,0,0,0,0,0,0,0,0
10,26.0,82,58,3.84,20,1,0,0,0,0,0,0,0,0,0,0,0,0,0,0,0,0,0,0
11,27.0,43,29,1.9615384615384615,12,1,0,0,0,0,0,0,0,0,0,0,0,0,0,0,0,0,0,0
12,29.0,44,31,1.9285714285714286,12,1,0,0,0,0,0,0,0,0,0,0,0,0,0,0,0,0,0,0
13,2.0,2,3,0.0,0,0,1,0,0,0,0,0,0,0,0,0,0,0,0,0,0,0,0,0
14,3.0,4,3,1.5,3,0,1,0,0,0,0,0,0,0,0,0,0,0,0,0,0,0,0,0
15,5.0,5,7,1.0,4,0,1,0,0,0,0,0,0,0,0,0,0,0,0,0,0,0,0,0
16,8.0,10,9,1.4285714285714286,7,0,1,0,0,0,0,0,0,0,0,0,0,0,0,0,0,0,0,0
17,10.0,13,15,1.1111111111111112,6,0,1,0,0,0,0,0,0,0,0,0,0,0,0,0,0,0,0,0
18,12.0,14,20,0.9090909090909091,0,0,1,0,0,0,0,0,0,0,0,0,0,0,0,0,0,0,0,0
19,14.0,18,21,1.2307692307692308,6,0,1,0,0,0,0,0,0,0,0,0,0,0,0,0,0,0,0,0
20,15.0,19,23,1.1428571428571428,6,0,1,0,0,0,0,0,0,0,0,0,0,0,0,0,0,0,0,0
21,19.0,24,28,1.2222222222222223,9,0,1,0,0,0,0,0,0,0,0,0,0,0,0,0,0,0,0,0
22,22.0,28,32,1.2380952380952381,6,0,1,0,0,0,0,0,0,0,0,0,0,0,0,0,0,0,0,0
23,24.0,31,36,1.173913043478261,5,0,1,0,0,0,0,0,0,0,0,0,0,0,0,0,0,0,0,0
24,26.0,33,37,1.2,5,0,1,0,0,0,0,0,0,0,0,0,0,0,0,0,0,0,0,0
25,28.0,40,37,1.3333333333333333,7,0,1,0,0,0,0,0,0,0,0,0,0,0,0,0,0,0,0,0
26,30.0,41,40,1.2413793103448276,9,0,1,0,0,0,0,0,0,0,0,0,0,0,0,0,0,0,0,0
27,1.0,0,0,0.0,8,0,0,1,0,0,0,0,0,0,0,0,0,0,0,0,0,0,0,0
28,2.0,2,1,3.0,3,0,0,1,0,0,0,0,0,0,0,0,0,0,0,0,0,0,0,0
29,3.0,4,1,3.0,6,0,0,1,0,0,0,0,0,0,0,0,0,0,0,0,0,0,0,0
30,5.0,5,3,2.25,9,0,0,1,0,0,0,0,0,0,0,0,0,0,0,0,0,0,0,0
31,7.0,8,5,2.1666666666666665,10,0,0,1,0,0,0,0,0,0,0,0,0,0,0,0,0,0,0,0
32,9.0,8,5,1.875,9,0,0,1,0,0,0,0,0,0,0,0,0,0,0,0,0,0,0,0
33,11.0,11,11,1.6,4,0,0,1,0,0,0,0,0,0,0,0,0,0,0,0,0,0,0,0
34,13.0,12,14,1.4166666666666667,3,0,0,1,0,0,0,0,0,0,0,0,0,0,0,0,0,0,0,0
35,16.0,14,16,1.3333333333333333,0,0,0,1,0,0,0,0,0,0,0,0,0,0,0,0,0,0,0,0
36,17.0,14,17,1.25,3,0,0,1,0,0,0,0,0,0,0,0,0,0,0,0,0,0,0,0
37,19.0,17,18,1.3333333333333333,6,0,0,1,0,0,0,0,0,0,0,0,0,0,0,0,0,0,0,0
38,22.0,22,22,1.380952380952381,8,0,0,1,0,0,0,0,0,0,0,0,0,0,0,0,0,0,0,0
39,26.0,25,28,1.32,9,0,0,1,0,0,0,0,0,0,0,0,0,0,0,0,0,0,0,0
40,27.0,25,30,1.2692307692307692,5,0,0,1,0,0,0,0,0,0,0,0,0,0,0,0,0,0,0,0
41,29.0,26,34,1.1785714285714286,3,0,0,1,0,0,0,0,0,0,0,0,0,0,0,0,0,0,0,0
42,1.0,0,0,0.0,10,0,0,0,1,0,0,0,0,0,0,0,0,0,0,0,0,0,0,0
43,3.0,1,4,0.0,0,0,0,0,1,0,0,0,0,0,0,0,0,0,0,0,0,0,0,0
44,5.0,3,8,0.25,1,0,0,0,1,0,0,0,0,0,0,0,0,0,0,0,0,0,0,0
45,7.0,5,11,0.3333333333333333,2,0,0,0,1,0,0,0,0,0,0,0,0,0,0,0,0,0,0,0
46,10.0,7,15,0.4444444444444444,3,0,0,0,1,0,0,0,0,0,0,0,0,0,0,0,0,0,0,0
47,12.0,11,17,0.7272727272727273,6,0,0,0,1,0,0,0,0,0,0,0,0,0,0,0,0,0,0,0
48,16.0,14,21,0.7333333333333333,4,0,0,0,1,0,0,0,0,0,0,0,0,0,0,0,0,0,0,0
49,17.0,15,24,0.6875,3,0,0,0,1,0,0,0,0,0,0,0,0,0,0,0,0,0,0,0
50,25.0,22,30,0.875,6,0,0,0,1,0,0,0,0,0,0,0,0,0,0,0,0,0,0,0
51,26.0,22,32,0.84,8,0,0,0,1,0,0,0,0,0,0,0,0,0,0,0,0,0,0,0
52,28.0,22,38,0.7777777777777778,7,0,0,0,1,0,0,0,0,0,0,0,0,0,0,0,0,0,0,0
53,1.0,0,0,0.0,0,0,0,0,0,1,0,0,0,0,0,0,0,0,0,0,0,0,0,0
54,4.0,6,1,2.3333333333333335,7,0,0,0,0,1,0,0,0,0,0,0,0,0,0,0,0,0,0,0
55,6.0,12,1,2.6,13,0,0,0,0,1,0,0,0,0,0,0,0,0,0,0,0,0,0,0
56,7.0,12,2,2.1666666666666665,10,0,0,0,0,1,0,0,0,0,0,0,0,0,0,0,0,0,0,0
57,9.0,16,3,2.375,12,0,0,0,0,1,0,0,0,0,0,0,0,0,0,0,0,0,0,0
58,11.0,26,3,2.5,12,0,0,0,0,1,0,0,0,0,0,0,0,0,0,0,0,0,0,0
59,13.0,30,4,2.4166666666666665,13,0,0,0,0,1,0,0,0,0,0,0,0,0,0,0,0,0,0,0
60,16.0,35,9,2.2,8,0,0,0,0,1,0,0,0,0,0,0,0,0,0,0,0,0,0,0
61,17.0,38,11,2.25,10,0,0,0,0,1,0,0,0,0,0,0,0,0,0,0,0,0,0,0
62,20.0,42,13,2.1578947368421053,8,0,0,0,0,1,0,0,0,0,0,0,0,0,0,0,0,0,0,0
63,21.0,43,14,2.1,8,0,0,0,0,1,0,0,0,0,0,0,0,0,0,0,0,0,0,0
64,23.0,45,17,1.9545454545454546,7,0,0,0,0,1,0,0,0,0,0,0,0,0,0,0,0,0,0,0
65,29.0,57,19,2.107142857142857,13,0,0,0,0,1,0,0,0,0,0,0,0,0,0,0,0,0,0,0
66,2.0,0,3,0.0,0,0,0,0,0,0,1,0,0,0,0,0,0,0,0,0,0,0,0,0
67,4.0,2,5,0.6666666666666666,2,0,0,0,0,0,1,0,0,0,0,0,0,0,0,0,0,0,0,0
68,6.0,5,8,1.0,5,0,0,0,0,0,1,0,0,0,0,0,0,0,0,0,0,0,0,0
69,7.0,6,9,1.0,6,0,0,0,0,0,1,0,0,0,0,0,0,0,0,0,0,0,0,0
70,9.0,10,13,1.0,6,0,0,0,0,0,1,0,0,0,0,0,0,0,0,0,0,0,0,0
71,11.0,13,14,1.2,7,0,0,0,0,0,1,0,0,0,0,0,0,0,0,0,0,0,0,0
72,13.0,18,17,1.3333333333333333,9,0,0,0,0,0,1,0,0,0,0,0,0,0,0,0,0,0,0,0
73,16.0,19,21,1.0666666666666667,4,0,0,0,0,0,1,0,0,0,0,0,0,0,0,0,0,0,0,0
74,17.0,22,22,1.1875,4,0,0,0,0,0,1,0,0,0,0,0,0,0,0,0,0,0,0,0
75,20.0,27,27,1.2105263157894737,4,0,0,0,0,0,1,0,0,0,0,0,0,0,0,0,0,0,0,0
76,21.0,29,30,1.15,4,0,0,0,0,0,1,0,0,0,0,0,0,0,0,0,0,0,0,0
77,23.0,31,34,1.0909090909090908,5,0,0,0,0,0,1,0,0,0,0,0,0,0,0,0,0,0,0,0
78,26.0,32,36,1.04,5,0,0,0,0,0,1,0,0,0,0,0,0,0,0,0,0,0,0,0
79,27.0,36,37,1.1153846153846154,3,0,0,0,0,0,1,0,0,0,0,0,0,0,0,0,0,0,0,0
80,29.0,39,38,1.1785714285714286,8,0,0,0,0,0,1,0,0,0,0,0,0,0,0,0,0,0,0,0
81,1.0,0,0,0.0,0,0,0,0,0,0,0,1,0,0,0,0,0,0,0,0,0,0,0,0
82,4.0,7,3,2.3333333333333335,7,0,0,0,0,0,0,1,0,0,0,0,0,0,0,0,0,0,0,0
83,6.0,10,7,2.0,10,0,0,0,0,0,0,1,0,0,0,0,0,0,0,0,0,0,0,0
84,8.0,13,8,2.0,10,0,0,0,0,0,0,1,0,0,0,0,0,0,0,0,0,0,0,0
85,9.0,13,9,1.75,7,0,0,0,0,0,0,1,0,0,0,0,0,0,0,0,0,0,0,0
86,11.0,16,16,1.4,4,0,0,0,0,0,0,1,0,0,0,0,0,0,0,0,0,0,0,0
87,14.0,16,20,1.1538461538461537,1,0,0,0,0,0,0,1,0,0,0,0,0,0,0,0,0,0,0,0
88,15.0,17,24,1.0714285714285714,1,0,0,0,0,0,0,1,0,0,0,0,0,0,0,0,0,0,0,0
89,20.0,24,34,1.0,6,0,0,0,0,0,0,1,0,0,0,0,0,0,0,0,0,0,0,0
90,21.0,24,35,0.95,4,0,0,0,0,0,0,1,0,0,0,0,0,0,0,0,0,0,0,0
91,23.0,28,38,1.0,1,0,0,0,0,0,0,1,0,0,0,0,0,0,0,0,0,0,0,0
92,25.0,28,41,0.9166666666666666,3,0,0,0,0,0,0,1,0,0,0,0,0,0,0,0,0,0,0,0
93,27.0,28,47,0.8461538461538461,3,0,0,0,0,0,0,1,0,0,0,0,0,0,0,0,0,0,0,0
94,29.0,28,46,0.8928571428571429,3,0,0,0,0,0,0,1,0,0,0,0,0,0,0,0,0,0,0,0
95,2.0,1,5,0.0,0,0,0,0,0,0,0,0,1,0,0,0,0,0,0,0,0,0,0,0
96,4.0,4,8,0.6666666666666666,2,0,0,0,0,0,0,0,1,0,0,0,0,0,0,0,0,0,0,0
97,6.0,5,12,0.6,3,0,0,0,0,0,0,0,1,0,0,0,0,0,0,0,0,0,0,0
98,7.0,6,14,0.5,3,0,0,0,0,0,0,0,1,0,0,0,0,0,0,0,0,0,0,0
99,9.0,7,15,0.75,4,0,0,0,0,0,0,0,1,0,0,0,0,0,0,0,0,0,0,0
100,11.0,10,17,1.0,7,0,0,0,0,0,0,0,1,0,0,0,0,0,0,0,0,0,0,0
101,13.0,12,20,0.9166666666666666,6,0,0,0,0,0,0,0,1,0,0,0,0,0,0,0,0,0,0,0
102,15.0,13,20,1.0714285714285714,8,0,0,0,0,0,0,0,1,0,0,0,0,0,0,0,0,0,0,0
103,18.0,17,32,0.9411764705882353,5,0,0,0,0,0,0,0,1,0,0,0,0,0,0,0,0,0,0,0
104,21.0,24,39,1.1,4,0,0,0,0,0,0,0,1,0,0,0,0,0,0,0,0,0,0,0
105,23.0,27,43,1.0454545454545454,6,0,0,0,0,0,0,0,1,0,0,0,0,0,0,0,0,0,0,0
106,26.0,29,56,0.92,4,0,0,0,0,0,0,0,1,0,0,0,0,0,0,0,0,0,0,0
107,27.0,29,60,0.8846153846153846,4,0,0,0,0,0,0,0,1,0,0,0,0,0,0,0,0,0,0,0
108,28.0,29,61,0.8518518518518519,0,0,0,0,0,0,0,0,1,0,0,0,0,0,0,0,0,0,0,0
109,29.0,29,64,0.8214285714285714,0,0,0,0,0,0,0,0,1,0,0,0,0,0,0,0,0,0,0,0
110,1.0,0,0,0.0,7,0,0,0,0,0,0,0,0,1,0,0,0,0,0,0,0,0,0,0
111,4.0,4,5,2.0,6,0,0,0,0,0,0,0,0,1,0,0,0,0,0,0,0,0,0,0
112,6.0,5,8,1.2,6,0,0,0,0,0,0,0,0,1,0,0,0,0,0,0,0,0,0,0
113,8.0,9,12,1.1428571428571428,5,0,0,0,0,0,0,0,0,1,0,0,0,0,0,0,0,0,0,0
114,10.0,15,15,1.5555555555555556,8,0,0,0,0,0,0,0,0,1,0,0,0,0,0,0,0,0,0,0
115,12.0,16,18,1.3636363636363635,8,0,0,0,0,0,0,0,0,1,0,0,0,0,0,0,0,0,0,0
116,13.0,16,21,1.25,7,0,0,0,0,0,0,0,0,1,0,0,0,0,0,0,0,0,0,0
117,16.0,23,27,1.2666666666666666,5,0,0,0,0,0,0,0,0,1,0,0,0,0,0,0,0,0,0,0
118,20.0,33,36,1.3157894736842106,7,0,0,0,0,0,0,0,0,1,0,0,0,0,0,0,0,0,0,0
119,23.0,36,41,1.2272727272727273,4,0,0,0,0,0,0,0,0,1,0,0,0,0,0,0,0,0,0,0
120,25.0,39,43,1.25,2,0,0,0,0,0,0,0,0,1,0,0,0,0,0,0,0,0,0,0
121,28.0,42,46,1.3333333333333333,7,0,0,0,0,0,0,0,0,1,0,0,0,0,0,0,0,0,0,0
122,30.0,40,44,1.2413793103448276,12,0,0,0,0,0,0,0,0,1,0,0,0,0,0,0,0,0,0,0
123,2.0,3,0,3.0,3,0,0,0,0,0,0,0,0,0,1,0,0,0,0,0,0,0,0,0
124,3.0,5,0,3.0,6,0,0,0,0,0,0,0,0,0,1,0,0,0,0,0,0,0,0,0
125,5.0,9,1,2.5,10,0,0,0,0,0,0,0,0,0,1,0,0,0,0,0,0,0,0,0
126,7.0,15,4,2.3333333333333335,11,0,0,0,0,0,0,0,0,0,1,0,0,0,0,0,0,0,0,0
127,10.0,27,6,2.3333333333333335,11,0,0,0,0,0,0,0,0,0,1,0,0,0,0,0,0,0,0,0
128,12.0,31,11,2.0,8,0,0,0,0,0,0,0,0,0,1,0,0,0,0,0,0,0,0,0
129,13.0,35,11,2.0833333333333335,10,0,0,0,0,0,0,0,0,0,1,0,0,0,0,0,0,0,0,0
130,16.0,44,12,2.2666666666666666,12,0,0,0,0,0,0,0,0,0,1,0,0,0,0,0,0,0,0,0
131,17.0,45,12,2.3125,15,0,0,0,0,0,0,0,0,0,1,0,0,0,0,0,0,0,0,0
132,22.0,55,18,2.142857142857143,10,0,0,0,0,0,0,0,0,0,1,0,0,0,0,0,0,0,0,0
133,24.0,60,19,2.217391304347826,8,0,0,0,0,0,0,0,0,0,1,0,0,0,0,0,0,0,0,0
134,26.0,128,40,4.56,23,0,0,0,0,0,0,0,0,0,1,0,0,0,0,0,0,0,0,0
135,28.0,71,20,2.3333333333333335,15,0,0,0,0,0,0,0,0,0,1,0,0,0,0,0,0,0,0,0
136,2.0,0,1,0.0,0,0,0,0,0,0,0,0,0,0,0,1,0,0,0,0,0,0,0,0
137,3.0,5,1,1.5,3,0,0,0,0,0,0,0,0,0,0,1,0,0,0,0,0,0,0,0
138,5.0,11,1,2.25,9,0,0,0,0,0,0,0,0,0,0,1,0,0,0,0,0,0,0,0
139,8.0,14,3,2.0,11,0,0,0,0,0,0,0,0,0,0,1,0,0,0,0,0,0,0,0
140,10.0,20,4,2.2222222222222223,11,0,0,0,0,0,0,0,0,0,0,1,0,0,0,0,0,0,0,0
141,12.0,22,6,2.090909090909091,10,0,0,0,0,0,0,0,0,0,0,1,0,0,0,0,0,0,0,0
142,13.0,25,6,2.1666666666666665,12,0,0,0,0,0,0,0,0,0,0,1,0,0,0,0,0,0,0,0
143,16.0,64,18,4.666666666666667,30,0,0,0,0,0,0,0,0,0,0,1,0,0,0,0,0,0,0,0
144,19.0,44,9,2.4444444444444446,15,0,0,0,0,0,0,0,0,0,0,1,0,0,0,0,0,0,0,0
145,22.0,53,13,2.5238095238095237,15,0,0,0,0,0,0,0,0,0,0,1,0,0,0,0,0,0,0,0
146,24.0,55,14,2.4782608695652173,15,0,0,0,0,0,0,0,0,0,0,1,0,0,0,0,0,0,0,0
147,26.0,61,14,2.52,13,0,0,0,0,0,0,0,0,0,0,1,0,0,0,0,0,0,0,0
148,28.0,64,17,2.4444444444444446,10,0,0,0,0,0,0,0,0,0,0,1,0,0,0,0,0,0,0,0
149,1.0,0,0,0.0,0,0,0,0,0,0,0,0,0,0,0,0,1,0,0,0,0,0,0,0
150,4.0,7,2,2.3333333333333335,7,0,0,0,0,0,0,0,0,0,0,0,1,0,0,0,0,0,0,0
151,6.0,13,4,2.6,13,0,0,0,0,0,0,0,0,0,0,0,1,0,0,0,0,0,0,0
152,7.0,13,5,2.1666666666666665,10,0,0,0,0,0,0,0,0,0,0,0,1,0,0,0,0,0,0,0
153,9.0,16,10,1.75,7,0,0,0,0,0,0,0,0,0,0,0,1,0,0,0,0,0,0,0
154,11.0,19,15,1.7,4,0,0,0,0,0,0,0,0,0,0,0,1,0,0,0,0,0,0,0
155,14.0,21,22,1.3846153846153846,4,0,0,0,0,0,0,0,0,0,0,0,1,0,0,0,0,0,0,0
156,15.0,24,24,1.5,7,0,0,0,0,0,0,0,0,0,0,0,1,0,0,0,0,0,0,0
157,20.0,30,27,1.631578947368421,13,0,0,0,0,0,0,0,0,0,0,0,1,0,0,0,0,0,0,0
158,21.0,32,29,1.6,10,0,0,0,0,0,0,0,0,0,0,0,1,0,0,0,0,0,0,0
159,23.0,36,30,1.7272727272727273,8,0,0,0,0,0,0,0,0,0,0,0,1,0,0,0,0,0,0,0
160,25.0,76,64,3.3333333333333335,18,0,0,0,0,0,0,0,0,0,0,0,1,0,0,0,0,0,0,0
161,27.0,44,34,1.7692307692307692,11,0,0,0,0,0,0,0,0,0,0,0,1,0,0,0,0,0,0,0
162,29.0,45,38,1.6785714285714286,9,0,0,0,0,0,0,0,0,0,0,0,1,0,0,0,0,0,0,0
163,1.0,0,0,0.0,5,0,0,0,0,0,0,0,0,0,0,0,0,1,0,0,0,0,0,0
164,3.0,2,6,0.0,0,0,0,0,0,0,0,0,0,0,0,0,0,1,0,0,0,0,0,0
165,4.0,4,8,0.3333333333333333,1,0,0,0,0,0,0,0,0,0,0,0,0,1,0,0,0,0,0,0
166,8.0,8,16,0.42857142857142855,3,0,0,0,0,0,0,0,0,0,0,0,0,1,0,0,0,0,0,0
167,10.0,11,20,0.4444444444444444,3,0,0,0,0,0,0,0,0,0,0,0,0,1,0,0,0,0,0,0
168,12.0,12,24,0.45454545454545453,2,0,0,0,0,0,0,0,0,0,0,0,0,1,0,0,0,0,0,0
169,13.0,15,27,0.5,3,0,0,0,0,0,0,0,0,0,0,0,0,1,0,0,0,0,0,0
170,15.0,16,30,0.5,3,0,0,0,0,0,0,0,0,0,0,0,0,1,0,0,0,0,0,0
171,18.0,18,37,0.5882352941176471,5,0,0,0,0,0,0,0,0,0,0,0,0,1,0,0,0,0,0,0
172,19.0,18,41,0.5555555555555556,4,0,0,0,0,0,0,0,0,0,0,0,0,1,0,0,0,0,0,0
173,22.0,21,43,0.7142857142857143,4,0,0,0,0,0,0,0,0,0,0,0,0,1,0,0,0,0,0,0
174,25.0,26,45,0.9166666666666666,11,0,0,0,0,0,0,0,0,0,0,0,0,1,0,0,0,0,0,0
175,28.0,32,47,1.1481481481481481,13,0,0,0,0,0,0,0,0,0,0,0,0,1,0,0,0,0,0,0
176,1.0,0,0,0.0,0,0,0,0,0,0,0,0,0,0,0,0,0,0,1,0,0,0,0,0
177,3.0,0,8,0.0,0,0,0,0,0,0,0,0,0,0,0,0,0,0,1,0,0,0,0,0
178,5.0,1,11,0.0,0,0,0,0,0,0,0,0,0,0,0,0,0,0,1,0,0,0,0,0
179,8.0,2,16,0.14285714285714285,1,0,0,0,0,0,0,0,0,0,0,0,0,0,1,0,0,0,0,0
180,10.0,2,23,0.2222222222222222,2,0,0,0,0,0,0,0,0,0,0,0,0,0,1,0,0,0,0,0
181,12.0,5,26,0.45454545454545453,5,0,0,0,0,0,0,0,0,0,0,0,0,0,1,0,0,0,0,0
182,13.0,7,27,0.6666666666666666,7,0,0,0,0,0,0,0,0,0,0,0,0,0,1,0,0,0,0,0
183,16.0,16,62,1.3333333333333333,16,0,0,0,0,0,0,0,0,0,0,0,0,0,1,0,0,0,0,0
184,19.0,8,39,0.5555555555555556,2,0,0,0,0,0,0,0,0,0,0,0,0,0,1,0,0,0,0,0
185,22.0,10,45,0.6190476190476191,0,0,0,0,0,0,0,0,0,0,0,0,0,0,1,0,0,0,0,0
186,24.0,14,46,0.7391304347826086,3,0,0,0,0,0,0,0,0,0,0,0,0,0,1,0,0,0,0,0
187,25.0,14,50,0.7083333333333334,6,0,0,0,0,0,0,0,0,0,0,0,0,0,1,0,0,0,0,0
188,28.0,32,116,1.2592592592592593,8,0,0,0,0,0,0,0,0,0,0,0,0,0,1,0,0,0,0,0
189,1.0,0,0,0.0,6,0,0,0,0,0,0,0,0,0,0,0,0,0,0,1,0,0,0,0
190,2.0,1,3,0.0,0,0,0,0,0,0,0,0,0,0,0,0,0,0,0,1,0,0,0,0
191,4.0,4,6,0.6666666666666666,2,0,0,0,0,0,0,0,0,0,0,0,0,0,0,1,0,0,0,0
192,6.0,4,6,0.8,4,0,0,0,0,0,0,0,0,0,0,0,0,0,0,1,0,0,0,0
193,8.0,5,10,0.5714285714285714,3,0,0,0,0,0,0,0,0,0,0,0,0,0,0,1,0,0,0,0
194,9.0,6,10,0.875,5,0,0,0,0,0,0,0,0,0,0,0,0,0,0,1,0,0,0,0
195,10.0,8,12,0.8888888888888888,7,0,0,0,0,0,0,0,0,0,0,0,0,0,0,1,0,0,0,0
196,14.0,11,18,1.0769230769230769,7,0,0,0,0,0,0,0,0,0,0,0,0,0,0,1,0,0,0,0
197,15.0,13,20,1.0714285714285714,7,0,0,0,0,0,0,0,0,0,0,0,0,0,0,1,0,0,0,0
198,20.0,40,58,2.210526315789474,11,0,0,0,0,0,0,0,0,0,0,0,0,0,0,1,0,0,0,0
199,23.0,26,34,1.1363636363636365,8,0,0,0,0,0,0,0,0,0,0,0,0,0,0,1,0,0,0,0
200,26.0,32,37,1.28,8,0,0,0,0,0,0,0,0,0,0,0,0,0,0,1,0,0,0,0
201,28.0,34,41,1.2962962962962963,11,0,0,0,0,0,0,0,0,0,0,0,0,0,0,1,0,0,0,0
202,29.0,35,43,1.25,10,0,0,0,0,0,0,0,0,0,0,0,0,0,0,1,0,0,0,0
203,1.0,0,0,0.0,0,0,0,0,0,0,0,0,0,0,0,0,0,0,0,0,1,0,0,0
204,3.0,2,0,3.0,6,0,0,0,0,0,0,0,0,0,0,0,0,0,0,0,1,0,0,0
205,5.0,3,3,2.25,9,0,0,0,0,0,0,0,0,0,0,0,0,0,0,0,1,0,0,0
206,7.0,4,9,1.5,6,0,0,0,0,0,0,0,0,0,0,0,0,0,0,0,1,0,0,0
207,10.0,9,13,1.6666666666666667,6,0,0,0,0,0,0,0,0,0,0,0,0,0,0,0,1,0,0,0
208,12.0,9,16,1.4545454545454546,7,0,0,0,0,0,0,0,0,0,0,0,0,0,0,0,1,0,0,0
209,14.0,13,17,1.6923076923076923,7,0,0,0,0,0,0,0,0,0,0,0,0,0,0,0,1,0,0,0
210,15.0,16,17,1.7857142857142858,10,0,0,0,0,0,0,0,0,0,0,0,0,0,0,0,1,0,0,0
211,18.0,22,20,1.7647058823529411,13,0,0,0,0,0,0,0,0,0,0,0,0,0,0,0,1,0,0,0
212,19.0,23,20,1.8333333333333333,11,0,0,0,0,0,0,0,0,0,0,0,0,0,0,0,1,0,0,0
213,24.0,31,31,1.6956521739130435,6,0,0,0,0,0,0,0,0,0,0,0,0,0,0,0,1,0,0,0
214,25.0,31,32,1.625,6,0,0,0,0,0,0,0,0,0,0,0,0,0,0,0,1,0,0,0
215,28.0,42,35,1.6666666666666667,9,0,0,0,0,0,0,0,0,0,0,0,0,0,0,0,1,0,0,0
216,30.0,47,36,1.7586206896551724,9,0,0,0,0,0,0,0,0,0,0,0,0,0,0,0,1,0,0,0
217,1.0,0,0,0.0,1,0,0,0,0,0,0,0,0,0,0,0,0,0,0,0,0,1,0,0
218,4.0,3,5,1.0,3,0,0,0,0,0,0,0,0,0,0,0,0,0,0,0,0,1,0,0
219,6.0,6,8,1.2,6,0,0,0,0,0,0,0,0,0,0,0,0,0,0,0,0,1,0,0
220,8.0,7,10,1.0,4,0,0,0,0,0,0,0,0,0,0,0,0,0,0,0,0,1,0,0
221,10.0,12,17,1.1111111111111112,7,0,0,0,0,0,0,0,0,0,0,0,0,0,0,0,0,1,0,0
222,12.0,12,19,0.9090909090909091,3,0,0,0,0,0,0,0,0,0,0,0,0,0,0,0,0,1,0,0
223,14.0,18,24,1.0,6,0,0,0,0,0,0,0,0,0,0,0,0,0,0,0,0,1,0,0
224,15.0,19,26,0.9285714285714286,3,0,0,0,0,0,0,0,0,0,0,0,0,0,0,0,0,1,0,0
225,20.0,23,37,0.7368421052631579,0,0,0,0,0,0,0,0,0,0,0,0,0,0,0,0,0,1,0,0
226,21.0,23,40,0.7,0,0,0,0,0,0,0,0,0,0,0,0,0,0,0,0,0,1,0,0
227,25.0,24,43,0.75,2,0,0,0,0,0,0,0,0,0,0,0,0,0,0,0,0,1,0,0
228,26.0,25,47,0.72,4,0,0,0,0,0,0,0,0,0,0,0,0,0,0,0,0,1,0,0
229,28.0,27,50,0.7037037037037037,4,0,0,0,0,0,0,0,0,0,0,0,0,0,0,0,0,1,0,0
230,1.0,0,0,0.0,9,0,0,0,0,0,0,0,0,0,0,0,0,0,0,0,0,0,1,0
231,2.0,4,2,3.0,3,0,0,0,0,0,0,0,0,0,0,0,0,0,0,0,0,0,1,0
232,3.0,8,3,3.0,6,0,0,0,0,0,0,0,0,0,0,0,0,0,0,0,0,0,1,0
233,5.0,10,5,2.0,8,0,0,0,0,0,0,0,0,0,0,0,0,0,0,0,0,0,1,0
234,7.0,13,8,1.8333333333333333,8,0,0,0,0,0,0,0,0,0,0,0,0,0,0,0,0,0,1,0
235,9.0,15,10,1.75,7,0,0,0,0,0,0,0,0,0,0,0,0,0,0,0,0,0,1,0
236,11.0,20,11,2.0,12,0,0,0,0,0,0,0,0,0,0,0,0,0,0,0,0,0,1,0
237,14.0,24,16,1.7692307692307692,9,0,0,0,0,0,0,0,0,0,0,0,0,0,0,0,0,0,1,0
238,15.0,25,17,1.7142857142857142,9,0,0,0,0,0,0,0,0,0,0,0,0,0,0,0,0,0,1,0
239,18.0,28,21,1.6470588235294117,7,0,0,0,0,0,0,0,0,0,0,0,0,0,0,0,0,0,1,0
240,19.0,30,24,1.5555555555555556,5,0,0,0,0,0,0,0,0,0,0,0,0,0,0,0,0,0,1,0
241,22.0,39,27,1.7619047619047619,7,0,0,0,0,0,0,0,0,0,0,0,0,0,0,0,0,0,1,0
242,26.0,44,33,1.64,9,0,0,0,0,0,0,0,0,0,0,0,0,0,0,0,0,0,1,0
243,27.0,45,34,1.6153846153846154,7,0,0,0,0,0,0,0,0,0,0,0,0,0,0,0,0,0,1,0
244,29.0,46,35,1.6071428571428572,8,0,0,0,0,0,0,0,0,0,0,0,0,0,0,0,0,0,1,0
245,2.0,0,1,0.0,0,0,0,0,0,0,0,0,0,0,0,0,0,0,0,0,0,0,0,1
246,3.0,0,2,0.0,0,0,0,0,0,0,0,0,0,0,0,0,0,0,0,0,0,0,0,1
247,5.0,2,3,0.75,3,0,0,0,0,0,0,0,0,0,0,0,0,0,0,0,0,0,0,1
248,7.0,3,5,1.0,6,0,0,0,0,0,0,0,0,0,0,0,0,0,0,0,0,0,0,1
249,10.0,9,9,1.4444444444444444,10,0,0,0,0,0,0,0,0,0,0,0,0,0,0,0,0,0,0,1
250,12.0,11,12,1.4545454545454546,10,0,0,0,0,0,0,0,0,0,0,0,0,0,0,0,0,0,0,1
251,14.0,12,12,1.5384615384615385,8,0,0,0,0,0,0,0,0,0,0,0,0,0,0,0,0,0,0,1
252,15.0,12,12,1.5,8,0,0,0,0,0,0,0,0,0,0,0,0,0,0,0,0,0,0,1
253,18.0,13,14,1.411764705882353,5,0,0,0,0,0,0,0,0,0,0,0,0,0,0,0,0,0,0,1
254,22.0,19,16,1.619047619047619,7,0,0,0,0,0,0,0,0,0,0,0,0,0,0,0,0,0,0,1
255,24.0,21,17,1.608695652173913,10,0,0,0,0,0,0,0,0,0,0,0,0,0,0,0,0,0,0,1
256,26.0,24,20,1.6,12,0,0,0,0,0,0,0,0,0,0,0,0,0,0,0,0,0,0,1
257,28.0,48,46,2.962962962962963,12,0,0,0,0,0,0,0,0,0,0,0,0,0,0,0,0,0,0,1
258,30.0,29,23,1.5862068965517242,6,0,0,0,0,0,0,0,0,0,0,0,0,0,0,0,0,0,0,1
259,1.0,0,0,0.0,0,1,0,0,0,0,0,0,0,0,0,0,0,0,0,0,0,0,0,0
260,3.0,0,4,0.0,0,1,0,0,0,0,0,0,0,0,0,0,0,0,0,0,0,0,0,0
261,5.0,1,9,0.75,3,1,0,0,0,0,0,0,0,0,0,0,0,0,0,0,0,0,0,0
262,7.0,5,10,1.5,9,1,0,0,0,0,0,0,0,0,0,0,0,0,0,0,0,0,0,0
263,10.0,10,13,1.5555555555555556,11,1,0,0,0,0,0,0,0,0,0,0,0,0,0,0,0,0,0,0
264,12.0,13,13,1.8181818181818181,11,1,0,0,0,0,0,0,0,0,0,0,0,0,0,0,0,0,0,0
265,14.0,15,17,1.7692307692307692,12,1,0,0,0,0,0,0,0,0,0,0,0,0,0,0,0,0,0,0
266,15.0,17,20,1.6428571428571428,9,1,0,0,0,0,0,0,0,0,0,0,0,0,0,0,0,0,0,0
267,18.0,23,22,1.7058823529411764,6,1,0,0,0,0,0,0,0,0,0,0,0,0,0,0,0,0,0,0
268,19.0,27,23,1.7777777777777777,9,1,0,0,0,0,0,0,0,0,0,0,0,0,0,0,0,0,0,0
269,24.0,36,26,1.826086956521739,10,1,0,0,0,0,0,0,0,0,0,0,0,0,0,0,0,0,0,0
270,28.0,43,31,1.8888888888888888,15,1,0,0,0,0,0,0,0,0,0,0,0,0,0,0,0,0,0,0
271,30.0,43,30,1.8620689655172413,12,1,0,0,0,0,0,0,0,0,0,0,0,0,0,0,0,0,0,0
272,1.0,0,0,0.0,0,0,1,0,0,0,0,0,0,0,0,0,0,0,0,0,0,0,0,0
273,4.0,5,4,1.3333333333333333,4,0,1,0,0,0,0,0,0,0,0,0,0,0,0,0,0,0,0,0
274,6.0,8,7,1.4,7,0,1,0,0,0,0,0,0,0,0,0,0,0,0,0,0,0,0,0
275,7.0,9,7,1.6666666666666667,10,0,1,0,0,0,0,0,0,0,0,0,0,0,0,0,0,0,0,0
276,8.0,10,9,1.4285714285714286,6,0,1,0,0,0,0,0,0,0,0,0,0,0,0,0,0,0,0,0
277,10.0,13,15,1.1111111111111112,3,0,1,0,0,0,0,0,0,0,0,0,0,0,0,0,0,0,0,0
278,13.0,16,20,1.0833333333333333,3,0,1,0,0,0,0,0,0,0,0,0,0,0,0,0,0,0,0,0
279,16.0,42,48,2.533333333333333,18,0,1,0,0,0,0,0,0,0,0,0,0,0,0,0,0,0,0,0
280,21.0,27,32,1.15,6,0,1,0,0,0,0,0,0,0,0,0,0,0,0,0,0,0,0,0
281,23.0,31,35,1.2272727272727273,4,0,1,0,0,0,0,0,0,0,0,0,0,0,0,0,0,0,0,0
282,25.0,31,37,1.125,5,0,1,0,0,0,0,0,0,0,0,0,0,0,0,0,0,0,0,0
283,27.0,37,37,1.2692307692307692,7,0,1,0,0,0,0,0,0,0,0,0,0,0,0,0,0,0,0,0
284,28.0,40,37,1.3333333333333333,9,0,1,0,0,0,0,0,0,0,0,0,0,0,0,0,0,0,0,0
285,29.0,41,39,1.2857142857142858,9,0,1,0,0,0,0,0,0,0,0,0,0,0,0,0,0,0,0,0
286,1.0,0,0,0.0,0,0,0,1,0,0,0,0,0,0,0,0,0,0,0,0,0,0,0,0
287,4.0,4,3,2.0,6,0,0,1,0,0,0,0,0,0,0,0,0,0,0,0,0,0,0,0
288,6.0,7,4,2.4,12,0,0,1,0,0,0,0,0,0,0,0,0,0,0,0,0,0,0,0
289,8.0,8,5,2.0,8,0,0,1,0,0,0,0,0,0,0,0,0,0,0,0,0,0,0,0
290,10.0,9,9,1.6666666666666667,6,0,0,1,0,0,0,0,0,0,0,0,0,0,0,0,0,0,0,0
291,12.0,12,12,1.5454545454545454,4,0,0,1,0,0,0,0,0,0,0,0,0,0,0,0,0,0,0,0
292,14.0,12,14,1.3846153846153846,3,0,0,1,0,0,0,0,0,0,0,0,0,0,0,0,0,0,0,0
293,15.0,13,15,1.3571428571428572,4,0,0,1,0,0,0,0,0,0,0,0,0,0,0,0,0,0,0,0
294,20.0,20,20,1.4210526315789473,6,0,0,1,0,0,0,0,0,0,0,0,0,0,0,0,0,0,0,0
295,21.0,21,21,1.4,6,0,0,1,0,0,0,0,0,0,0,0,0,0,0,0,0,0,0,0
296,23.0,23,23,1.3636363636363635,9,0,0,1,0,0,0,0,0,0,0,0,0,0,0,0,0,0,0,0
297,25.0,50,50,2.75,16,0,0,1,0,0,0,0,0,0,0,0,0,0,0,0,0,0,0,0
298,28.0,26,32,1.2222222222222223,4,0,0,1,0,0,0,0,0,0,0,0,0,0,0,0,0,0,0,0
299,2.0,1,2,0.0,0,0,0,0,1,0,0,0,0,0,0,0,0,0,0,0,0,0,0,0
300,4.0,2,5,0.3333333333333333,1,0,0,0,1,0,0,0,0,0,0,0,0,0,0,0,0,0,0,0
301,6.0,3,9,0.2,1,0,0,0,1,0,0,0,0,0,0,0,0,0,0,0,0,0,0,0
302,8.0,5,11,0.42857142857142855,3,0,0,0,1,0,0,0,0,0,0,0,0,0,0,0,0,0,0,0
303,9.0,5,13,0.375,2,0,0,0,1,0,0,0,0,0,0,0,0,0,0,0,0,0,0,0
304,11.0,10,16,0.7,6,0,0,0,1,0,0,0,0,0,0,0,0,0,0,0,0,0,0,0
305,14.0,14,20,0.7692307692307693,7,0,0,0,1,0,0,0,0,0,0,0,0,0,0,0,0,0,0,0
306,15.0,14,21,0.7142857142857143,6,0,0,0,1,0,0,0,0,0,0,0,0,0,0,0,0,0,0,0
307,20.0,16,27,0.6842105263157895,2,0,0,0,1,0,0,0,0,0,0,0,0,0,0,0,0,0,0,0
308,21.0,17,28,0.7,2,0,0,0,1,0,0,0,0,0,0,0,0,0,0,0,0,0,0,0
309,23.0,20,29,0.7727272727272727,3,0,0,0,1,0,0,0,0,0,0,0,0,0,0,0,0,0,0,0
310,26.0,22,32,0.84,8,0,0,0,1,0,0,0,0,0,0,0,0,0,0,0,0,0,0,0
311,27.0,22,36,0.8076923076923077,7,0,0,0,1,0,0,0,0,0,0,0,0,0,0,0,0,0,0,0
312,29.0,21,37,0.75,4,0,0,0,1,0,0,0,0,0,0,0,0,0,0,0,0,0,0,0
313,2.0,3,0,3.0,3,0,0,0,0,1,0,0,0,0,0,0,0,0,0,0,0,0,0,0
314,3.0,5,0,3.0,6,0,0,0,0,1,0,0,0,0,0,0,0,0,0,0,0,0,0,0
315,5.0,9,1,2.5,10,0,0,0,0,1,0,0,0,0,0,0,0,0,0,0,0,0,0,0
316,8.0,15,3,2.2857142857142856,10,0,0,0,0,1,0,0,0,0,0,0,0,0,0,0,0,0,0,0
317,10.0,23,3,2.4444444444444446,12,0,0,0,0,1,0,0,0,0,0,0,0,0,0,0,0,0,0,0
318,12.0,27,4,2.3636363636363638,13,0,0,0,0,1,0,0,0,0,0,0,0,0,0,0,0,0,0,0
319,14.0,31,5,2.3076923076923075,11,0,0,0,0,1,0,0,0,0,0,0,0,0,0,0,0,0,0,0
320,15.0,33,6,2.357142857142857,11,0,0,0,0,1,0,0,0,0,0,0,0,0,0,0,0,0,0,0
321,18.0,39,12,2.176470588235294,10,0,0,0,0,1,0,0,0,0,0,0,0,0,0,0,0,0,0,0
322,19.0,39,12,2.111111111111111,8,0,0,0,0,1,0,0,0,0,0,0,0,0,0,0,0,0,0,0
323,22.0,90,32,4.095238095238095,17,0,0,0,0,1,0,0,0,0,0,0,0,0,0,0,0,0,0,0
324,26.0,49,18,2.0,6,0,0,0,0,1,0,0,0,0,0,0,0,0,0,0,0,0,0,0
325,28.0,112,38,4.148148148148148,18,0,0,0,0,1,0,0,0,0,0,0,0,0,0,0,0,0,0,0
326,1.0,0,0,0.0,7,0,0,0,0,0,1,0,0,0,0,0,0,0,0,0,0,0,0,0
327,3.0,0,3,0.5,1,0,0,0,0,0,1,0,0,0,0,0,0,0,0,0,0,0,0,0
328,5.0,5,5,1.25,5,0,0,0,0,0,1,0,0,0,0,0,0,0,0,0,0,0,0,0
329,8.0,8,11,1.0,6,0,0,0,0,0,1,0,0,0,0,0,0,0,0,0,0,0,0,0
330,10.0,11,14,1.0,4,0,0,0,0,0,1,0,0,0,0,0,0,0,0,0,0,0,0,0
331,12.0,15,14,1.3636363636363635,9,0,0,0,0,0,1,0,0,0,0,0,0,0,0,0,0,0,0,0
332,13.0,18,17,1.3333333333333333,8,0,0,0,0,0,1,0,0,0,0,0,0,0,0,0,0,0,0,0
333,15.0,19,20,1.1428571428571428,7,0,0,0,0,0,1,0,0,0,0,0,0,0,0,0,0,0,0,0
334,19.0,24,27,1.1111111111111112,4,0,0,0,0,0,1,0,0,0,0,0,0,0,0,0,0,0,0,0
335,24.0,32,35,1.0869565217391304,5,0,0,0,0,0,1,0,0,0,0,0,0,0,0,0,0,0,0,0
336,25.0,32,35,1.0833333333333333,4,0,0,0,0,0,1,0,0,0,0,0,0,0,0,0,0,0,0,0
337,26.0,32,36,1.04,3,0,0,0,0,0,1,0,0,0,0,0,0,0,0,0,0,0,0,0
338,28.0,37,38,1.1111111111111112,5,0,0,0,0,0,1,0,0,0,0,0,0,0,0,0,0,0,0,0
339,1.0,0,0,0.0,1,0,0,0,0,0,0,1,0,0,0,0,0,0,0,0,0,0,0,0
340,2.0,3,1,3.0,3,0,0,0,0,0,0,1,0,0,0,0,0,0,0,0,0,0,0,0
341,3.0,5,3,2.0,4,0,0,0,0,0,0,1,0,0,0,0,0,0,0,0,0,0,0,0
342,5.0,10,4,2.5,10,0,0,0,0,0,0,1,0,0,0,0,0,0,0,0,0,0,0,0
343,7.0,12,7,2.1666666666666665,10,0,0,0,0,0,0,1,0,0,0,0,0,0,0,0,0,0,0,0
344,10.0,15,14,1.5555555555555556,4,0,0,0,0,0,0,1,0,0,0,0,0,0,0,0,0,0,0,0
345,12.0,16,16,1.3636363636363635,2,0,0,0,0,0,0,1,0,0,0,0,0,0,0,0,0,0,0,0
346,13.0,16,19,1.25,1,0,0,0,0,0,0,1,0,0,0,0,0,0,0,0,0,0,0,0
347,16.0,19,25,1.2,4,0,0,0,0,0,0,1,0,0,0,0,0,0,0,0,0,0,0,0
348,17.0,20,28,1.125,3,0,0,0,0,0,0,1,0,0,0,0,0,0,0,0,0,0,0,0
349,22.0,25,38,0.9047619047619048,4,0,0,0,0,0,0,1,0,0,0,0,0,0,0,0,0,0,0,0
350,26.0,28,46,0.88,3,0,0,0,0,0,0,1,0,0,0,0,0,0,0,0,0,0,0,0
351,28.0,29,47,0.9259259259259259,3,0,0,0,0,0,0,1,0,0,0,0,0,0,0,0,0,0,0,0
352,1.0,0,0,0.0,0,0,0,0,0,0,0,0,1,0,0,0,0,0,0,0,0,0,0,0
353,3.0,3,7,0.5,1,0,0,0,0,0,0,0,1,0,0,0,0,0,0,0,0,0,0,0
354,4.0,4,8,0.6666666666666666,2,0,0,0,0,0,0,0,1,0,0,0,0,0,0,0,0,0,0,0
355,8.0,7,14,0.8571428571428571,5,0,0,0,0,0,0,0,1,0,0,0,0,0,0,0,0,0,0,0
356,10.0,8,16,0.7777777777777778,5,0,0,0,0,0,0,0,1,0,0,0,0,0,0,0,0,0,0,0
357,12.0,11,18,1.0,8,0,0,0,0,0,0,0,1,0,0,0,0,0,0,0,0,0,0,0
358,13.0,12,20,0.9166666666666666,5,0,0,0,0,0,0,0,1,0,0,0,0,0,0,0,0,0,0,0
359,16.0,30,44,2.1333333333333333,12,0,0,0,0,0,0,0,1,0,0,0,0,0,0,0,0,0,0,0
360,22.0,24,40,1.0476190476190477,6,0,0,0,0,0,0,0,1,0,0,0,0,0,0,0,0,0,0,0
361,24.0,27,46,1.0,7,0,0,0,0,0,0,0,1,0,0,0,0,0,0,0,0,0,0,0
362,25.0,29,50,0.9583333333333334,7,0,0,0,0,0,0,0,1,0,0,0,0,0,0,0,0,0,0,0
363,26.0,29,56,0.92,4,0,0,0,0,0,0,0,1,0,0,0,0,0,0,0,0,0,0,0
364,28.0,29,61,0.8518518518518519,1,0,0,0,0,0,0,0,1,0,0,0,0,0,0,0,0,0,0,0
365,30.0,31,65,0.896551724137931,0,0,0,0,0,0,0,0,1,0,0,0,0,0,0,0,0,0,0,0
366,1.0,0,0,0.0,7,0,0,0,0,0,0,0,0,1,0,0,0,0,0,0,0,0,0,0
367,2.0,1,0,3.0,3,0,0,0,0,0,0,0,0,1,0,0,0,0,0,0,0,0,0,0
368,3.0,2,4,1.5,3,0,0,0,0,0,0,0,0,1,0,0,0,0,0,0,0,0,0,0
369,5.0,4,6,1.5,6,0,0,0,0,0,0,0,0,1,0,0,0,0,0,0,0,0,0,0
370,7.0,7,10,1.1666666666666667,4,0,0,0,0,0,0,0,0,1,0,0,0,0,0,0,0,0,0,0
371,9.0,13,14,1.375,5,0,0,0,0,0,0,0,0,1,0,0,0,0,0,0,0,0,0,0
372,11.0,15,17,1.4,8,0,0,0,0,0,0,0,0,1,0,0,0,0,0,0,0,0,0,0
373,14.0,20,23,1.3846153846153846,7,0,0,0,0,0,0,0,0,1,0,0,0,0,0,0,0,0,0,0
374,15.0,22,25,1.3571428571428572,5,0,0,0,0,0,0,0,0,1,0,0,0,0,0,0,0,0,0,0
375,19.0,31,33,1.3888888888888888,7,0,0,0,0,0,0,0,0,1,0,0,0,0,0,0,0,0,0,0
376,24.0,37,43,1.173913043478261,5,0,0,0,0,0,0,0,0,1,0,0,0,0,0,0,0,0,0,0
377,26.0,40,43,1.32,5,0,0,0,0,0,0,0,0,1,0,0,0,0,0,0,0,0,0,0
378,29.0,41,45,1.2857142857142858,9,0,0,0,0,0,0,0,0,1,0,0,0,0,0,0,0,0,0,0
379,1.0,0,0,0.0,0,0,0,0,0,0,0,0,0,0,1,0,0,0,0,0,0,0,0,0
380,4.0,6,1,2.3333333333333335,7,0,0,0,0,0,0,0,0,0,1,0,0,0,0,0,0,0,0,0
381,6.0,12,1,2.6,13,0,0,0,0,0,0,0,0,0,1,0,0,0,0,0,0,0,0,0
382,8.0,17,6,2.142857142857143,9,0,0,0,0,0,0,0,0,0,1,0,0,0,0,0,0,0,0,0
383,9.0,22,6,2.25,11,0,0,0,0,0,0,0,0,0,1,0,0,0,0,0,0,0,0,0
384,11.0,29,8,2.2,9,0,0,0,0,0,0,0,0,0,1,0,0,0,0,0,0,0,0,0
385,14.0,39,11,2.1538461538461537,10,0,0,0,0,0,0,0,0,0,1,0,0,0,0,0,0,0,0,0
386,15.0,43,12,2.2142857142857144,10,0,0,0,0,0,0,0,0,0,1,0,0,0,0,0,0,0,0,0
387,18.0,48,13,2.3529411764705883,15,0,0,0,0,0,0,0,0,0,1,0,0,0,0,0,0,0,0,0
388,20.0,50,16,2.1578947368421053,15,0,0,0,0,0,0,0,0,0,1,0,0,0,0,0,0,0,0,0
389,21.0,52,18,2.1,13,0,0,0,0,0,0,0,0,0,1,0,0,0,0,0,0,0,0,0
390,23.0,58,19,2.1818181818181817,8,0,0,0,0,0,0,0,0,0,1,0,0,0,0,0,0,0,0,0
391,25.0,61,19,2.25,8,0,0,0,0,0,0,0,0,0,1,0,0,0,0,0,0,0,0,0
392,27.0,70,20,2.3076923076923075,15,0,0,0,0,0,0,0,0,0,1,0,0,0,0,0,0,0,0,0
393,29.0,73,20,2.357142857142857,15,0,0,0,0,0,0,0,0,0,1,0,0,0,0,0,0,0,0,0
394,1.0,0,0,0.0,0,0,0,0,0,0,0,0,0,0,0,1,0,0,0,0,0,0,0,0
395,4.0,10,1,2.0,6,0,0,0,0,0,0,0,0,0,0,1,0,0,0,0,0,0,0,0
396,6.0,11,1,2.0,10,0,0,0,0,0,0,0,0,0,0,1,0,0,0,0,0,0,0,0
397,7.0,12,1,2.1666666666666665,13,0,0,0,0,0,0,0,0,0,0,1,0,0,0,0,0,0,0,0
398,9.0,16,3,2.125,11,0,0,0,0,0,0,0,0,0,0,1,0,0,0,0,0,0,0,0
399,11.0,20,6,2.0,10,0,0,0,0,0,0,0,0,0,0,1,0,0,0,0,0,0,0,0
400,14.0,27,7,2.230769230769231,12,0,0,0,0,0,0,0,0,0,0,1,0,0,0,0,0,0,0,0
401,15.0,29,8,2.2857142857142856,12,0,0,0,0,0,0,0,0,0,0,1,0,0,0,0,0,0,0,0
402,18.0,40,9,2.411764705882353,15,0,0,0,0,0,0,0,0,0,0,1,0,0,0,0,0,0,0,0
403,20.0,50,12,2.473684210526316,15,0,0,0,0,0,0,0,0,0,0,1,0,0,0,0,0,0,0,0
404,21.0,51,12,2.5,15,0,0,0,0,0,0,0,0,0,0,1,0,0,0,0,0,0,0,0
405,23.0,54,13,2.5454545454545454,15,0,0,0,0,0,0,0,0,0,0,1,0,0,0,0,0,0,0,0
406,25.0,57,14,2.5,15,0,0,0,0,0,0,0,0,0,0,1,0,0,0,0,0,0,0,0
407,27.0,63,17,2.423076923076923,13,0,0,0,0,0,0,0,0,0,0,1,0,0,0,0,0,0,0,0
408,29.0,68,18,2.4642857142857144,12,0,0,0,0,0,0,0,0,0,0,1,0,0,0,0,0,0,0,0
409,1.0,0,0,0.0,16,0,0,0,0,0,0,0,0,0,0,0,1,0,0,0,0,0,0,0
410,2.0,5,1,3.0,3,0,0,0,0,0,0,0,0,0,0,0,1,0,0,0,0,0,0,0
411,3.0,6,2,2.0,4,0,0,0,0,0,0,0,0,0,0,0,1,0,0,0,0,0,0,0
412,5.0,11,3,2.5,10,0,0,0,0,0,0,0,0,0,0,0,1,0,0,0,0,0,0,0
413,8.0,14,6,2.0,10,0,0,0,0,0,0,0,0,0,0,0,1,0,0,0,0,0,0,0
414,10.0,16,15,1.5555555555555556,4,0,0,0,0,0,0,0,0,0,0,0,1,0,0,0,0,0,0,0
415,12.0,19,17,1.5454545454545454,4,0,0,0,0,0,0,0,0,0,0,0,1,0,0,0,0,0,0,0
416,13.0,20,21,1.4166666666666667,3,0,0,0,0,0,0,0,0,0,0,0,1,0,0,0,0,0,0,0
417,16.0,25,24,1.6,7,0,0,0,0,0,0,0,0,0,0,0,1,0,0,0,0,0,0,0
418,19.0,30,26,1.7222222222222223,11,0,0,0,0,0,0,0,0,0,0,0,1,0,0,0,0,0,0,0
419,22.0,35,30,1.6666666666666667,10,0,0,0,0,0,0,0,0,0,0,0,1,0,0,0,0,0,0,0
420,26.0,40,32,1.72,9,0,0,0,0,0,0,0,0,0,0,0,1,0,0,0,0,0,0,0
421,28.0,44,34,1.7407407407407407,11,0,0,0,0,0,0,0,0,0,0,0,1,0,0,0,0,0,0,0
422,2.0,2,4,0.0,0,0,0,0,0,0,0,0,0,0,0,0,0,1,0,0,0,0,0,0
423,4.0,4,8,0.3333333333333333,1,0,0,0,0,0,0,0,0,0,0,0,0,1,0,0,0,0,0,0
424,6.0,6,13,0.4,2,0,0,0,0,0,0,0,0,0,0,0,0,1,0,0,0,0,0,0
425,7.0,7,14,0.5,3,0,0,0,0,0,0,0,0,0,0,0,0,1,0,0,0,0,0,0
426,9.0,10,19,0.375,2,0,0,0,0,0,0,0,0,0,0,0,0,1,0,0,0,0,0,0
427,11.0,11,23,0.4,2,0,0,0,0,0,0,0,0,0,0,0,0,1,0,0,0,0,0,0
428,13.0,15,27,0.5,3,0,0,0,0,0,0,0,0,0,0,0,0,1,0,0,0,0,0,0
429,16.0,17,30,0.6666666666666666,6,0,0,0,0,0,0,0,0,0,0,0,0,1,0,0,0,0,0,0
430,17.0,17,34,0.625,5,0,0,0,0,0,0,0,0,0,0,0,0,1,0,0,0,0,0,0
431,20.0,19,42,0.5789473684210527,10,0,0,0,0,0,0,0,0,0,0,0,0,1,0,0,0,0,0,0
432,23.0,24,44,0.8181818181818182,2,0,0,0,0,0,0,0,0,0,0,0,0,1,0,0,0,0,0,0
433,26.0,28,45,1.0,11,0,0,0,0,0,0,0,0,0,0,0,0,1,0,0,0,0,0,0
434,27.0,30,46,1.0769230769230769,13,0,0,0,0,0,0,0,0,0,0,0,0,1,0,0,0,0,0,0
435,28.0,32,47,1.1481481481481481,13,0,0,0,0,0,0,0,0,0,0,0,0,1,0,0,0,0,0,0
436,29.0,32,48,1.1071428571428572,13,0,0,0,0,0,0,0,0,0,0,0,0,1,0,0,0,0,0,0
437,1.0,0,0,0.0,0,0,0,0,0,0,0,0,0,0,0,0,0,0,1,0,0,0,0,0
438,2.0,0,3,0.0,0,0,0,0,0,0,0,0,0,0,0,0,0,0,1,0,0,0,0,0
439,4.0,1,10,0.0,0,0,0,0,0,0,0,0,0,0,0,0,0,0,1,0,0,0,0,0
440,6.0,2,14,0.0,0,0,0,0,0,0,0,0,0,0,0,0,0,0,1,0,0,0,0,0
441,7.0,2,16,0.0,0,0,0,0,0,0,0,0,0,0,0,0,0,0,1,0,0,0,0,0
442,9.0,2,16,0.25,2,0,0,0,0,0,0,0,0,0,0,0,0,0,1,0,0,0,0,0
443,11.0,3,25,0.2,2,0,0,0,0,0,0,0,0,0,0,0,0,0,1,0,0,0,0,0
444,13.0,7,27,0.6666666666666666,7,0,0,0,0,0,0,0,0,0,0,0,0,0,1,0,0,0,0,0
445,15.0,8,28,0.7142857142857143,8,0,0,0,0,0,0,0,0,0,0,0,0,0,1,0,0,0,0,0
446,18.0,8,34,0.5882352941176471,0,0,0,0,0,0,0,0,0,0,0,0,0,0,1,0,0,0,0,0
447,20.0,16,84,1.0526315789473684,9,0,0,0,0,0,0,0,0,0,0,0,0,0,1,0,0,0,0,0
448,26.0,15,53,0.68,7,0,0,0,0,0,0,0,0,0,0,0,0,0,1,0,0,0,0,0
449,29.0,17,61,0.6071428571428571,1,0,0,0,0,0,0,0,0,0,0,0,0,0,1,0,0,0,0,0
450,1.0,0,0,0.0,0,0,0,0,0,0,0,0,0,0,0,0,0,0,0,1,0,0,0,0
451,3.0,2,4,0.5,1,0,0,0,0,0,0,0,0,0,0,0,0,0,0,1,0,0,0,0
452,5.0,4,6,0.75,3,0,0,0,0,0,0,0,0,0,0,0,0,0,0,1,0,0,0,0
453,7.0,4,7,0.6666666666666666,4,0,0,0,0,0,0,0,0,0,0,0,0,0,0,1,0,0,0,0
454,10.0,8,12,0.8888888888888888,5,0,0,0,0,0,0,0,0,0,0,0,0,0,0,1,0,0,0,0
455,12.0,10,12,1.2727272727272727,10,0,0,0,0,0,0,0,0,0,0,0,0,0,0,1,0,0,0,0
456,13.0,11,14,1.1666666666666667,10,0,0,0,0,0,0,0,0,0,0,0,0,0,0,1,0,0,0,0
457,16.0,14,21,1.0666666666666667,5,0,0,0,0,0,0,0,0,0,0,0,0,0,0,1,0,0,0,0
458,17.0,14,24,1.0,2,0,0,0,0,0,0,0,0,0,0,0,0,0,0,1,0,0,0,0
459,19.0,19,28,1.1111111111111112,3,0,0,0,0,0,0,0,0,0,0,0,0,0,0,1,0,0,0,0
460,22.0,25,33,1.1428571428571428,6,0,0,0,0,0,0,0,0,0,0,0,0,0,0,1,0,0,0,0
461,24.0,29,36,1.2173913043478262,8,0,0,0,0,0,0,0,0,0,0,0,0,0,0,1,0,0,0,0
462,25.0,30,37,1.2083333333333333,8,0,0,0,0,0,0,0,0,0,0,0,0,0,0,1,0,0,0,0
463,28.0,34,41,1.2962962962962963,8,0,0,0,0,0,0,0,0,0,0,0,0,0,0,1,0,0,0,0
464,1.0,0,0,0.0,10,0,0,0,0,0,0,0,0,0,0,0,0,0,0,0,1,0,0,0
465,2.0,1,0,3.0,3,0,0,0,0,0,0,0,0,0,0,0,0,0,0,0,1,0,0,0
466,4.0,3,0,3.0,9,0,0,0,0,0,0,0,0,0,0,0,0,0,0,0,1,0,0,0
467,6.0,3,6,1.8,9,0,0,0,0,0,0,0,0,0,0,0,0,0,0,0,1,0,0,0
468,8.0,6,10,1.7142857142857142,6,0,0,0,0,0,0,0,0,0,0,0,0,0,0,0,1,0,0,0
469,9.0,9,12,1.875,6,0,0,0,0,0,0,0,0,0,0,0,0,0,0,0,1,0,0,0
470,11.0,9,16,1.5,6,0,0,0,0,0,0,0,0,0,0,0,0,0,0,0,1,0,0,0
471,16.0,18,19,1.7333333333333334,9,0,0,0,0,0,0,0,0,0,0,0,0,0,0,0,1,0,0,0
472,20.0,26,22,1.894736842105263,11,0,0,0,0,0,0,0,0,0,0,0,0,0,0,0,1,0,0,0
473,21.0,26,24,1.8,11,0,0,0,0,0,0,0,0,0,0,0,0,0,0,0,1,0,0,0
474,23.0,28,29,1.6363636363636365,7,0,0,0,0,0,0,0,0,0,0,0,0,0,0,0,1,0,0,0
475,26.0,70,64,3.36,6,0,0,0,0,0,0,0,0,0,0,0,0,0,0,0,1,0,0,0
476,27.0,40,32,1.7307692307692308,3,0,0,0,0,0,0,0,0,0,0,0,0,0,0,0,1,0,0,0
477,29.0,44,35,1.7142857142857142,9,0,0,0,0,0,0,0,0,0,0,0,0,0,0,0,1,0,0,0
478,1.0,0,0,0.0,2,0,0,0,0,0,0,0,0,0,0,0,0,0,0,0,0,1,0,0
479,2.0,3,2,3.0,3,0,0,0,0,0,0,0,0,0,0,0,0,0,0,0,0,1,0,0
480,3.0,3,4,1.5,3,0,0,0,0,0,0,0,0,0,0,0,0,0,0,0,0,1,0,0
481,5.0,3,7,0.75,3,0,0,0,0,0,0,0,0,0,0,0,0,0,0,0,0,1,0,0
482,7.0,7,9,1.1666666666666667,4,0,0,0,0,0,0,0,0,0,0,0,0,0,0,0,0,1,0,0
483,9.0,7,15,0.875,4,0,0,0,0,0,0,0,0,0,0,0,0,0,0,0,0,1,0,0
484,11.0,12,18,1.0,4,0,0,0,0,0,0,0,0,0,0,0,0,0,0,0,0,1,0,0
485,13.0,16,20,1.0833333333333333,6,0,0,0,0,0,0,0,0,0,0,0,0,0,0,0,0,1,0,0
486,15.0,19,26,0.9285714285714286,3,0,0,0,0,0,0,0,0,0,0,0,0,0,0,0,0,1,0,0
487,17.0,21,31,0.8125,2,0,0,0,0,0,0,0,0,0,0,0,0,0,0,0,0,1,0,0
488,22.0,23,40,0.7142857142857143,1,0,0,0,0,0,0,0,0,0,0,0,0,0,0,0,0,1,0,0
489,26.0,25,47,0.72,2,0,0,0,0,0,0,0,0,0,0,0,0,0,0,0,0,1,0,0
490,27.0,25,47,0.7307692307692307,4,0,0,0,0,0,0,0,0,0,0,0,0,0,0,0,0,1,0,0
491,28.0,27,50,0.7037037037037037,4,0,0,0,0,0,0,0,0,0,0,0,0,0,0,0,0,1,0,0
492,29.0,27,54,0.6785714285714286,4,0,0,0,0,0,0,0,0,0,0,0,0,0,0,0,0,1,0,0
493,1.0,0,0,0.0,0,0,0,0,0,0,0,0,0,0,0,0,0,0,0,0,0,0,1,0
494,4.0,10,5,2.3333333333333335,7,0,0,0,0,0,0,0,0,0,0,0,0,0,0,0,0,0,1,0
495,6.0,11,7,1.6,8,0,0,0,0,0,0,0,0,0,0,0,0,0,0,0,0,0,1,0
496,8.0,14,10,1.5714285714285714,5,0,0,0,0,0,0,0,0,0,0,0,0,0,0,0,0,0,1,0
497,10.0,16,10,1.8888888888888888,9,0,0,0,0,0,0,0,0,0,0,0,0,0,0,0,0,0,1,0
498,12.0,23,13,2.090909090909091,12,0,0,0,0,0,0,0,0,0,0,0,0,0,0,0,0,0,1,0
499,13.0,23,14,1.9166666666666667,12,0,0,0,0,0,0,0,0,0,0,0,0,0,0,0,0,0,1,0
500,16.0,28,19,1.8,7,0,0,0,0,0,0,0,0,0,0,0,0,0,0,0,0,0,1,0
501,17.0,28,19,1.75,5,0,0,0,0,0,0,0,0,0,0,0,0,0,0,0,0,0,1,0
502,20.0,34,25,1.631578947368421,5,0,0,0,0,0,0,0,0,0,0,0,0,0,0,0,0,0,1,0
503,21.0,37,27,1.7,5,0,0,0,0,0,0,0,0,0,0,0,0,0,0,0,0,0,1,0
504,23.0,41,30,1.6818181818181819,7,0,0,0,0,0,0,0,0,0,0,0,0,0,0,0,0,0,1,0
505,25.0,42,31,1.6666666666666667,9,0,0,0,0,0,0,0,0,0,0,0,0,0,0,0,0,0,1,0
506,28.0,46,34,1.6666666666666667,5,0,0,0,0,0,0,0,0,0,0,0,0,0,0,0,0,0,1,0
507,30.0,48,36,1.6551724137931034,8,0,0,0,0,0,0,0,0,0,0,0,0,0,0,0,0,0,1,0
508,1.0,0,0,0.0,0,0,0,0,0,0,0,0,0,0,0,0,0,0,0,0,0,0,0,1
509,4.0,0,3,0.0,0,0,0,0,0,0,0,0,0,0,0,0,0,0,0,0,0,0,0,1
510,6.0,2,5,0.6,3,0,0,0,0,0,0,0,0,0,0,0,0,0,0,0,0,0,0,1
511,8.0,5,6,1.2857142857142858,9,0,0,0,0,0,0,0,0,0,0,0,0,0,0,0,0,0,0,1
512,9.0,8,8,1.5,12,0,0,0,0,0,0,0,0,0,0,0,0,0,0,0,0,0,0,1
513,11.0,11,10,1.6,13,0,0,0,0,0,0,0,0,0,0,0,0,0,0,0,0,0,0,1
514,13.0,12,12,1.5833333333333333,10,0,0,0,0,0,0,0,0,0,0,0,0,0,0,0,0,0,0,1
515,16.0,12,13,1.4,5,0,0,0,0,0,0,0,0,0,0,0,0,0,0,0,0,0,0,1
516,17.0,12,14,1.3125,5,0,0,0,0,0,0,0,0,0,0,0,0,0,0,0,0,0,0,1
517,21.0,17,15,1.55,7,0,0,0,0,0,0,0,0,0,0,0,0,0,0,0,0,0,0,1
518,23.0,19,17,1.5454545454545454,10,0,0,0,0,0,0,0,0,0,0,0,0,0,0,0,0,0,0,1
519,25.0,23,18,1.6666666666666667,12,0,0,0,0,0,0,0,0,0,0,0,0,0,0,0,0,0,0,1
520,26.0,24,20,1.6,12,0,0,0,0,0,0,0,0,0,0,0,0,0,0,0,0,0,0,1
521,27.0,24,21,1.5384615384615385,9,0,0,0,0,0,0,0,0,0,0,0,0,0,0,0,0,0,0,1
522,29.0,28,23,1.5357142857142858,6,0,0,0,0,0,0,0,0,0,0,0,0,0,0,0,0,0,0,1
